integer_squared,wave_number,wavevector_count,s4,overlap_mean,origin_count,particle_count,temperature,lag,overlap_radius,particle_selection,ensemble_correction_available,independent_replicate_count,xi4_claim_allowed,thermodynamic_claim_allowed
0.0,0.0,1.0,3.2863645652488422,0.48760579427083334,270.0,4096.0,0.45,1375.0,0.3,all_particles,0.0,1.0,0.0,0.0
1.0,0.41730503688538984,6.0,24.49022515014501,0.48760579427083334,270.0,4096.0,0.45,1375.0,0.3,all_particles,0.0,1.0,0.0,0.0
2.0,0.5901584428099229,12.0,4.673011011602107,0.48760579427083334,270.0,4096.0,0.45,1375.0,0.3,all_particles,0.0,1.0,0.0,0.0
3.0,0.7227935261398996,8.0,3.835630159758345,0.48760579427083334,270.0,4096.0,0.45,1375.0,0.3,all_particles,0.0,1.0,0.0,0.0
4.0,0.8346100737707797,6.0,1.840553000995043,0.48760579427083334,270.0,4096.0,0.45,1375.0,0.3,all_particles,0.0,1.0,0.0,0.0
5.0,0.9331224298287889,24.0,1.4657093305218645,0.48760579427083334,270.0,4096.0,0.45,1375.0,0.3,all_particles,0.0,1.0,0.0,0.0
6.0,1.0221844074625182,24.0,1.1497657266624874,0.48760579427083334,270.0,4096.0,0.45,1375.0,0.3,all_particles,0.0,1.0,0.0,0.0
