metric,mean,standard_deviation,standard_error,ci95_low,ci95_high,ci95_critical_value,ci95_method,block_count,temperature,independent_replicate_count,independence_class,maximum_absolute_initial_fs,thermodynamic_claim_allowed
diffusion,0.0009511336796820766,2.2780301261408952e-05,1.0187660433686925e-05,0.0009228481997375493,0.000979419159626604,2.7764451051977987,student_t_independent_replicates,5.0,0.58,5.0,decorrelated_parent_frames_plus_velocity_seeds,0.03039136139820301,0.0
alpha_relaxation_time,16.820378786626502,0.44762901214604023,0.200185779971925,16.264573957693248,17.376183615559757,2.7764451051977987,student_t_independent_replicates,5.0,0.58,5.0,decorrelated_parent_frames_plus_velocity_seeds,0.03039136139820301,0.0
diffusion_alpha_product,0.015994735713949312,0.0004231001482827399,0.00018921613857008946,0.015469387492191958,0.016520083935706666,2.7764451051977987,student_t_independent_replicates,5.0,0.58,5.0,decorrelated_parent_frames_plus_velocity_seeds,0.03039136139820301,0.0
ngp_peak,0.546223208873025,0.013441593533842056,0.006011263373518491,0.5295332661035648,0.5629131516424852,2.7764451051977987,student_t_independent_replicates,5.0,0.58,5.0,decorrelated_parent_frames_plus_velocity_seeds,0.03039136139820301,0.0
ngp_peak_time,16.0,0.0,0.0,16.0,16.0,2.7764451051977987,student_t_independent_replicates,5.0,0.58,5.0,decorrelated_parent_frames_plus_velocity_seeds,0.03039136139820301,0.0
overlap_chi4_peak,5.259746374637116,0.9670426793351331,0.4324746336273777,4.059004294980172,6.46048845429406,2.7764451051977987,student_t_independent_replicates,5.0,0.58,5.0,decorrelated_parent_frames_plus_velocity_seeds,0.03039136139820301,0.0
overlap_chi4_peak_time,22.4,8.763560920082657,3.9191835884530843,11.518601909467888,33.28139809053211,2.7764451051977987,student_t_independent_replicates,5.0,0.58,5.0,decorrelated_parent_frames_plus_velocity_seeds,0.03039136139820301,0.0
