metric_id,high_mean,high_standard_error,high_ci95_low,high_ci95_high,low_mean,low_standard_error,low_ci95_low,low_ci95_high,high_ci95_critical_value,low_ci95_critical_value,ci95_method,high_replicate_count,low_replicate_count,confidence_intervals_separated,positive_high_negative_low_reversal,source_dois,sota_interpretation,thermodynamic_claim_allowed
jump_vector_lag1_over_q,0.029398765444710956,0.002193379313934012,0.02330896818469676,0.03548856270472515,-0.24030535395785427,0.003383687757416042,-0.25486418732446775,-0.22574652059124078,2.7764451051977987,4.302652729911275,student_t_independent_replicates,5.0,3.0,1.0,1.0,10.1038/srep11770;10.3390/ijms23073556,successive_jump_correlation_causes_low_temperature_subdiffusive_jump_count_motion,0.0
jump_vector_lag2_over_q,0.0008237658603585197,0.001518560366327854,-0.003392433635679827,0.005039965356396866,-0.01480957300789048,0.0008065268955388251,-0.01827977815672747,-0.011339367859053488,2.7764451051977987,4.302652729911275,student_t_independent_replicates,5.0,3.0,1.0,0.0,10.1038/srep11770;10.3390/ijms23073556,short_event_lag_direction_memory,0.0
