tau_D_over_t,particle_count,step_count,mobility_dimension,analytic_msd,empirical_msd,analytic_ngp,empirical_ngp,msd_relative_error,ngp_absolute_error,analytic_fs_k0p5,empirical_fs_k0p5,fs_k0p5_absolute_error,analytic_fs_k1p0,empirical_fs_k1p0,fs_k1p0_absolute_error,analytic_fs_k2p0,empirical_fs_k2p0,fs_k2p0_absolute_error,maximum_fs_absolute_error,slow_environment_limit_validation_pass
1,80000,100,4,6,5.99775093792256,0.5,0.284137985842188,0.000374843679572745,0.215862014157812,0.790123456790123,0.783766160543445,0.00635729624667869,0.444444444444444,0.409750820597605,0.0346936238468396,0.111111111111111,0.0610344983171474,0.0500766127939636,0.0500766127939636,0
10,80000,100,4,6,5.97879756821342,0.5,0.461751866195562,0.00353373863109618,0.0382481338044378,0.790123456790123,0.78944393222134,0.000679524568782952,0.444444444444444,0.439559321822308,0.00488512262213625,0.111111111111111,0.0985710757219674,0.0125400353891437,0.0125400353891437,0
100,80000,100,4,6,5.99612315791395,0.5,0.497399654013351,0.000646140347674629,0.00260034598664949,0.790123456790123,0.790180627363809,5.71705736858164e-05,0.444444444444444,0.444049834272194,0.000394610172250842,0.111111111111111,0.110961262346533,0.00014984876457784,0.000394610172250842,1
