metric,mean,standard_deviation,standard_error,ci95_low,ci95_high,independent_replicate_count,temperature,threshold,half_window,independence_class,thermodynamic_claim_allowed
event_rate,0.005154755365679992,0.0001414833692301202,6.327328625685016e-05,0.005030739724616566,0.005278771006743418,5.0,0.58,0.2,5.0,decorrelated_parent_frames_plus_velocity_seeds,0.0
exchange_mean,160.93515774614963,4.538449562499318,2.029656346840531,156.95703130634217,164.91328418595708,5.0,0.58,0.2,5.0,decorrelated_parent_frames_plus_velocity_seeds,0.0
exchange_cv2,1.087173821296527,0.017703412487832266,0.007917206751302322,1.0716560960639745,1.1026915465290794,5.0,0.58,0.2,5.0,decorrelated_parent_frames_plus_velocity_seeds,0.0
stationary_persistence_mean,167.96463586470767,5.521299703180303,2.469200292092114,163.12500329220714,172.8042684372082,5.0,0.58,0.2,5.0,decorrelated_parent_frames_plus_velocity_seeds,0.0
persistence_exchange_ratio,1.0435869106482634,0.008851706243916149,0.003958603375651168,1.035828048031987,1.0513457732645397,5.0,0.58,0.2,5.0,decorrelated_parent_frames_plus_velocity_seeds,0.0
jump_squared_mean,0.2850285381770341,0.0012263266311130965,0.0005484299419574384,0.2839536154907975,0.2861034608632707,5.0,0.58,0.2,5.0,decorrelated_parent_frames_plus_velocity_seeds,0.0
count_fano,1.1776375553809788,0.01832222753675041,0.00819394925427849,1.161577414842593,1.1936976959193646,5.0,0.58,0.2,5.0,decorrelated_parent_frames_plus_velocity_seeds,0.0
correlated_diffusion,0.0002779904475865755,5.5570685147941955e-06,2.4851965909407233e-06,0.0002731194622683317,0.0002828614329048193,5.0,0.58,0.2,5.0,decorrelated_parent_frames_plus_velocity_seeds,0.0
