tau_D_over_t,particle_count,step_count,mobility_dimension,analytic_msd,empirical_msd,analytic_ngp,empirical_ngp,msd_relative_error,ngp_absolute_error,analytic_fs_k0p5,empirical_fs_k0p5,fs_k0p5_absolute_error,analytic_fs_k1p0,empirical_fs_k1p0,fs_k1p0_absolute_error,analytic_fs_k2p0,empirical_fs_k2p0,fs_k2p0_absolute_error,maximum_fs_absolute_error,slow_environment_limit_validation_pass
1,80000,100,4,6,5.99775093792,0.5,0.284137985842,0.000374843679573,0.215862014158,0.79012345679,0.783766160543,0.00635729624668,0.444444444444,0.409750820598,0.0346936238468,0.111111111111,0.0610344983171,0.050076612794,0.050076612794,0
10,80000,100,4,6,5.97879756821,0.5,0.461751866196,0.0035337386311,0.0382481338044,0.79012345679,0.789443932221,0.000679524568783,0.444444444444,0.439559321822,0.00488512262214,0.111111111111,0.098571075722,0.0125400353891,0.0125400353891,0
100,80000,100,4,6,5.99612315791,0.5,0.497399654013,0.000646140347675,0.00260034598665,0.79012345679,0.790180627364,5.71705736858e-05,0.444444444444,0.444049834272,0.000394610172251,0.111111111111,0.110961262347,0.000149848764578,0.000394610172251,1
