model,seed,quick_mode,trajectory_count,dimension,temperature,period,base_barrier,elastic_stiffness,barrier_coupling,barrier_stiffness,gamma_x,gamma_q,gamma_z,dt,record_dt,burnin_steps,production_steps,dwell_frames,count_window,event_count,mean_window_count,count_fano_factor,mean_persistence_time,mean_exchange_time,persistence_exchange_ratio,successive_vector_pair_count,successive_vector_correlation,maximum_ngp,final_lag_time,final_msd,final_fs_k2,final_fs_k4,final_fs_k7p25,maximum_euler_displacement,all_finite,trajectory_continuity_pass,parameter_adjustment_from_design,synthetic_capability_only,blind_prediction_claim_allowed,finite_exchange_resolved,static_environment_resolved,spatial_facilitation_resolved,activated_cage_geometry_resolved,transient_potential_identified_in_ka,microdynamic_closure_claim_allowed,thermodynamic_claim_allowed
static_periodic,20260718.0,0.0,384.0,3.0,1.0,1.0,3.0,0.0,0.0,1.0,1.0,20.0,20.0,0.002,0.02,10000.0,40000.0,5.0,2.0,66790.0,4.348307291666667,0.8799005238745818,0.42791666666666667,0.45718157997771286,0.935988424309499,66406.0,-0.004781898763704222,0.46100920891154473,8.0,17.93509419774258,0.0008827161606317284,-7.133629035400607e-05,0.02112431788693705,0.34553880218250554,1.0,1.0,0.0,1.0,0.0,0.0,0.0,0.0,0.0,0.0,0.0,0.0
rate_only,20260718.0,0.0,384.0,3.0,1.0,1.0,3.0,0.0,1.5,1.0,1.0,20.0,20.0,0.002,0.02,10000.0,40000.0,5.0,2.0,50009.0,3.2557942708333334,1.2606927615008465,0.69171875,0.6071302770780856,1.1393250775253878,49625.0,-0.0030192526369446733,0.6512847335636773,8.0,13.397934057094172,0.018156526665967978,0.011566152242146892,0.06454773483170552,0.3726313657474725,1.0,1.0,0.0,1.0,0.0,0.0,0.0,0.0,0.0,0.0,0.0,0.0
elastic_only,20260718.0,0.0,384.0,3.0,1.0,1.0,3.0,1.0,0.0,1.0,1.0,20.0,20.0,0.002,0.02,10000.0,40000.0,5.0,2.0,64712.0,4.213020833333333,0.8889386177731076,0.4479166666666667,0.47179983832856615,0.9493785929505406,64328.0,-0.06882437656332904,0.4552461330651085,8.0,6.715471182072319,0.0071607202096706235,-0.0020604655179405082,0.11200753052117854,0.3587752937113846,1.0,1.0,0.0,1.0,0.0,0.0,0.0,0.0,0.0,0.0,0.0,0.0
full_transient,20260718.0,0.0,384.0,3.0,1.0,1.0,3.0,1.0,1.5,1.0,1.0,20.0,20.0,0.002,0.02,10000.0,40000.0,5.0,2.0,48372.0,3.14921875,1.2479945138716613,0.8351562499999999,0.626605818121197,1.3328255593031624,47988.0,-0.0684945469371114,0.6432810375107054,8.0,5.874678251218357,0.03664197458048653,0.015802774310756284,0.15802792164881296,0.3655960647064535,1.0,1.0,0.0,1.0,0.0,0.0,0.0,0.0,0.0,0.0,0.0,0.0
