integer_squared,mean,standard_deviation,standard_error,ci95_low,ci95_high,ci95_critical_value,ci95_method,independent_replicate_count,within_replicate_block_count_min,within_replicate_block_count_max,wave_number,uncertainty_scope,ensemble_correction_available,xi4_claim_allowed,thermodynamic_claim_allowed
0.0,11.201183115292425,7.515435156433943,4.339038510644315,-7.468192777721489,29.870559008306337,4.302652729911275,student_t_independent_replicates,3.0,1.0,1.0,0.0,independent_replicates,0.0,0.0,0.0
1.0,18.23879063895733,6.376553965452809,3.681505148456355,2.3985524617691816,34.07902881614548,4.302652729911275,student_t_independent_replicates,3.0,1.0,1.0,0.41730503688538984,independent_replicates,0.0,0.0,0.0
2.0,5.342486898767086,0.6600744348741492,0.38109415265978014,3.7027711024722585,6.982202695061913,4.302652729911275,student_t_independent_replicates,3.0,1.0,1.0,0.5901584428099229,independent_replicates,0.0,0.0,0.0
3.0,3.576286371944031,0.8135909510644029,0.4697269546072767,1.5552144083901225,5.59735833549794,4.302652729911275,student_t_independent_replicates,3.0,1.0,1.0,0.7227935261398996,independent_replicates,0.0,0.0,0.0
4.0,2.2394446455830654,0.4153225645563613,0.23978659444714093,1.2077262003889468,3.271163090777184,4.302652729911275,student_t_independent_replicates,3.0,1.0,1.0,0.8346100737707797,independent_replicates,0.0,0.0,0.0
5.0,1.602568946880022,0.17569986379082744,0.10144036365621481,1.166106289271417,2.039031604488627,4.302652729911275,student_t_independent_replicates,3.0,1.0,1.0,0.9331224298287889,independent_replicates,0.0,0.0,0.0
6.0,1.1585166479197146,0.0442425564454217,0.025543451873401433,1.0486120449852667,1.2684212508541626,4.302652729911275,student_t_independent_replicates,3.0,1.0,1.0,1.0221844074625182,independent_replicates,0.0,0.0,0.0
