tau_D_over_t,particle_count,step_count,mobility_dimension,analytic_msd,empirical_msd,analytic_ngp,empirical_ngp,msd_relative_error,ngp_absolute_error,analytic_fs_k0p5,empirical_fs_k0p5,fs_k0p5_absolute_error,analytic_fs_k1p0,empirical_fs_k1p0,fs_k1p0_absolute_error,analytic_fs_k2p0,empirical_fs_k2p0,fs_k2p0_absolute_error,maximum_fs_absolute_error,slow_environment_limit_validation_pass
1,80000,100,4,6,5.997750938,0.5,0.2841379858,0.0003748436796,0.2158620142,0.7901234568,0.7837661605,0.006357296247,0.4444444444,0.4097508206,0.03469362385,0.1111111111,0.06103449832,0.05007661279,0.05007661279,0
10,80000,100,4,6,5.978797568,0.5,0.4617518662,0.003533738631,0.0382481338,0.7901234568,0.7894439322,0.0006795245688,0.4444444444,0.4395593218,0.004885122622,0.1111111111,0.09857107572,0.01254003539,0.01254003539,0
100,80000,100,4,6,5.996123158,0.5,0.497399654,0.0006461403477,0.002600345987,0.7901234568,0.7901806274,5.717057369e-05,0.4444444444,0.4440498343,0.0003946101723,0.1111111111,0.1109612623,0.0001498487646,0.0003946101723,1
