model,seed,quick_mode,trajectory_count,dimension,temperature,period,base_barrier,elastic_stiffness,barrier_coupling,barrier_stiffness,gamma_x,gamma_q,gamma_z,dt,record_dt,burnin_steps,production_steps,dwell_frames,count_window,event_count,mean_window_count,count_fano_factor,mean_persistence_time,mean_exchange_time,persistence_exchange_ratio,successive_vector_pair_count,successive_vector_correlation,maximum_ngp,final_lag_time,final_msd,final_fs_k2,final_fs_k4,final_fs_k7p25,maximum_euler_displacement,all_finite,trajectory_continuity_pass,parameter_adjustment_from_design,synthetic_capability_only,blind_prediction_claim_allowed,finite_exchange_resolved,static_environment_resolved,spatial_facilitation_resolved,activated_cage_geometry_resolved,transient_potential_identified_in_ka,microdynamic_closure_claim_allowed,thermodynamic_claim_allowed
static_periodic,20260718.0,0.0,384.0,3.0,1.0,1.0,3.0,0.0,0.0,1.0,1.0,20.0,20.0,0.002,0.02,10000.0,40000.0,5.0,2.0,66575.0,4.334309895833333,0.8675076032278759,0.42171875,0.4589179797857715,0.9189414417732411,66191.0,-0.003303755463622144,0.46399376727079744,8.0,17.853109200095528,0.00103610522471725,0.002043019861712465,0.019923212792736657,0.35997105454866024,1.0,1.0,0.0,1.0,0.0,0.0,0.0,0.0,0.0,0.0,0.0,0.0
rate_only,20260718.0,0.0,384.0,3.0,1.0,1.0,3.0,0.0,1.5,1.0,1.0,20.0,20.0,0.002,0.02,10000.0,40000.0,5.0,2.0,49130.0,3.1985677083333335,1.2700665273678673,0.7551562500000001,0.6174205062979526,1.2230825544294108,48746.0,-0.004545092097918826,0.6648620923449433,8.0,13.03720041882831,0.02027132898464295,0.011703969809145297,0.06650610648106797,0.3612705724553637,1.0,1.0,0.0,1.0,0.0,0.0,0.0,0.0,0.0,0.0,0.0,0.0
elastic_only,20260718.0,0.0,384.0,3.0,1.0,1.0,3.0,1.0,0.0,1.0,1.0,20.0,20.0,0.002,0.02,10000.0,40000.0,5.0,2.0,64804.0,4.219010416666666,0.8839770532425981,0.43838541666666675,0.4712272586153369,0.9303057254260434,64420.0,-0.07035320489518963,0.4559612177786727,8.0,6.542336155985792,0.010998189813164022,-0.00033087414017618104,0.11518540714748303,0.36135330304477026,1.0,1.0,0.0,1.0,0.0,0.0,0.0,0.0,0.0,0.0,0.0,0.0
full_transient,20260718.0,0.0,384.0,3.0,1.0,1.0,3.0,1.0,1.5,1.0,1.0,20.0,20.0,0.002,0.02,10000.0,40000.0,5.0,2.0,47999.0,3.1249348958333334,1.2772193157127403,0.7724479166666667,0.6317244565788093,1.222760823365878,47615.0,-0.07020865056175152,0.6509289235743574,8.0,5.702606855329227,0.03996261788876359,0.015279723962636781,0.1620609195528506,0.3619935658055997,1.0,1.0,0.0,1.0,0.0,0.0,0.0,0.0,0.0,0.0,0.0,0.0
