metric,mean,standard_deviation,standard_error,ci95_low,ci95_high,block_count,temperature,independent_replicate_count,independence_class,maximum_absolute_initial_fs,thermodynamic_claim_allowed
diffusion,0.003057076747017197,4.3285965790742725e-05,1.9358072395966233e-05,0.003019134925121103,0.0030950185689132908,5.0,0.7,5.0,decorrelated_parent_frames_plus_velocity_seeds,0.01935182197556763,0.0
alpha_relaxation_time,4.395516617624764,0.02791834212933456,0.012485462164057659,4.371045111783212,4.419988123466317,5.0,0.7,5.0,decorrelated_parent_frames_plus_velocity_seeds,0.01935182197556763,0.0
diffusion_alpha_product,0.013436747278300123,0.0001433962957472811,6.412877300251692e-05,0.01331105488321519,0.013562439673385057,5.0,0.7,5.0,decorrelated_parent_frames_plus_velocity_seeds,0.01935182197556763,0.0
ngp_peak,0.3159589183308948,0.0046914786140369435,0.002098093019194621,0.3118466560132733,0.32007118064851625,5.0,0.7,5.0,decorrelated_parent_frames_plus_velocity_seeds,0.01935182197556763,0.0
ngp_peak_time,7.2,1.7888543819998322,0.8000000000000002,5.632,8.768,5.0,0.7,5.0,decorrelated_parent_frames_plus_velocity_seeds,0.01935182197556763,0.0
overlap_chi4_peak,2.673000107192105,0.2681410593767851,0.11991632726505978,2.437964105752588,2.908036108631622,5.0,0.7,5.0,decorrelated_parent_frames_plus_velocity_seeds,0.01935182197556763,0.0
overlap_chi4_peak_time,8.0,0.0,0.0,8.0,8.0,5.0,0.7,5.0,decorrelated_parent_frames_plus_velocity_seeds,0.01935182197556763,0.0
