replicate,temperature,calibration_time,heldout_time,heldout_diffusion_lag,debye_waller_lag,debye_waller_factor,minimum_log_msd_slope,fluctuation_half_window,dw_active_fraction,dw_event_count,dw_event_rate,dw_mean_jump_squared,dw_mean_jump_duration,dw_jump_correlation_lag1_over_q,dw_jump_correlation_lag2_over_q,phop_event_count,phop_correlated_diffusion,debye_waller_uncorrelated_diffusion,debye_waller_correlated_diffusion,observed_diffusion,phop_correlated_coverage,debye_waller_uncorrelated_coverage,debye_waller_correlated_coverage,macro_fit_parameter_count,event_definition,sota_algorithm_alignment,thermodynamic_claim_allowed
1.0,0.45,5000.0,5000.0,4096.0,2.0,0.03194276615977287,0.033970491381940526,5.0,0.02597485972156045,82267.0,0.005020872749465975,0.06685790296787428,5.153548810580184,-0.24146218705213213,-0.014077572511075755,4859.0,1.4302046606888704e-05,5.5947503849640054e-05,2.735388048584272e-05,2.9458630403193336e-05,0.4854959789759388,1.8991888992767059,0.9285523499041402,0.0,rolling_position_variance_above_calibration_debye_waller_factor,basic_debye_waller_variance_without_high_temperature_noise_correction,0.0
2.0,0.45,5000.0,5000.0,4096.0,2.0,0.031991325318813324,0.028602116637435948,5.0,0.026016741639375656,82671.0,0.005045529447665548,0.06696280252995465,5.1381500163297895,-0.2339524823357278,-0.016420397884179108,4891.0,1.3774081086938778e-05,5.631046534384987e-05,2.8113238554523988e-05,2.2617517970502377e-05,0.6090005589871906,2.4896836786993877,1.24298513175447,0.0,rolling_position_variance_above_calibration_debye_waller_factor,basic_debye_waller_variance_without_high_temperature_noise_correction,0.0
3.0,0.45,5000.0,5000.0,4096.0,2.0,0.03186860308051109,0.026783451218607368,5.0,0.025192554409961123,80085.0,0.004887702166615807,0.06532154655713679,5.13238434163701,-0.24550139248570285,-0.013930748628416577,4578.0,1.2850824204792808e-05,5.3212044105668795e-05,2.560221503488357e-05,3.359094262123108e-05,0.3825681330142392,1.5841188116000129,0.7621761414549214,0.0,rolling_position_variance_above_calibration_debye_waller_factor,basic_debye_waller_variance_without_high_temperature_noise_correction,0.0
